Time,Activity,Duration (min),Type,Focus Level,Completed,Notes
6:00-6:30,Morning Routine,30,Personal,Low,Yes,Meditation & breakfast
6:30-7:00,Exercise,30,Health,High,Yes,Morning workout
8:00-10:00,Deep Work - Project A,120,Work,Critical,Yes,No interruptions
10:00-10:15,Break,15,Break,Low,Yes,Coffee break
10:15-12:00,Deep Work - Project B,105,Work,Critical,In Progress,Focused coding
12:00-1:00,Lunch & Social,60,Break,Low,Yes,Team lunch
1:00-2:30,Meetings,90,Work,Medium,In Progress,Client calls
2:30-3:00,Email & Admin,30,Admin,Low,No,Batch processing
3:00-4:30,Learning & Growth,90,Development,High,No,Course module
4:30-5:00,Daily Review,30,Planning,Medium,No,Next day prep
